{
  "builtTestProducts" : [
    {
      "binaryPath" : "/Users/brunomazzo/Documents/OpenSource/UIUnitTest/package/.build/arm64-apple-macosx/debug/UIUnitTestPackageTests.xctest/Contents/MacOS/UIUnitTestPackageTests",
      "productName" : "UIUnitTestPackageTests"
    }
  ],
  "copyCommands" : {

  },
  "pluginDescriptions" : [

  ],
  "swiftCommands" : {
    "C.UIUnitTest-debug.module" : {
      "executable" : "/Applications/Xcode.app/Contents/Developer/Toolchains/XcodeDefault.xctoolchain/usr/bin/swiftc",
      "importPath" : "/Users/brunomazzo/Documents/OpenSource/UIUnitTest/package/.build/arm64-apple-macosx/debug",
      "inputs" : [
        {
          "kind" : "file",
          "name" : "/Users/brunomazzo/Documents/OpenSource/UIUnitTest/package/Sources/UIUnitTest/UIUnitTest.swift"
        }
      ],
      "isLibrary" : true,
      "moduleName" : "UIUnitTest",
      "moduleOutputPath" : "/Users/brunomazzo/Documents/OpenSource/UIUnitTest/package/.build/arm64-apple-macosx/debug/UIUnitTest.swiftmodule",
      "objects" : [
        "/Users/brunomazzo/Documents/OpenSource/UIUnitTest/package/.build/arm64-apple-macosx/debug/UIUnitTest.build/UIUnitTest.swift.o"
      ],
      "otherArguments" : [
        "-target",
        "arm64-apple-macosx10.15",
        "-swift-version",
        "5",
        "-enable-batch-mode",
        "-index-store-path",
        "/Users/brunomazzo/Documents/OpenSource/UIUnitTest/package/.build/arm64-apple-macosx/debug/index/store",
        "-Onone",
        "-enable-testing",
        "-g",
        "-j10",
        "-DSWIFT_PACKAGE",
        "-DDEBUG",
        "-module-cache-path",
        "/Users/brunomazzo/Documents/OpenSource/UIUnitTest/package/.build/arm64-apple-macosx/debug/ModuleCache",
        "-parseable-output",
        "-parse-as-library",
        "-emit-objc-header",
        "-emit-objc-header-path",
        "/Users/brunomazzo/Documents/OpenSource/UIUnitTest/package/.build/arm64-apple-macosx/debug/UIUnitTest.build/UIUnitTest-Swift.h",
        "-color-diagnostics",
        "-sdk",
        "/Applications/Xcode.app/Contents/Developer/Platforms/MacOSX.platform/Developer/SDKs/MacOSX13.1.sdk",
        "-F",
        "/Applications/Xcode.app/Contents/Developer/Platforms/MacOSX.platform/Developer/Library/Frameworks",
        "-I",
        "/Applications/Xcode.app/Contents/Developer/Platforms/MacOSX.platform/Developer/usr/lib",
        "-L",
        "/Applications/Xcode.app/Contents/Developer/Platforms/MacOSX.platform/Developer/usr/lib"
      ],
      "outputs" : [
        {
          "kind" : "file",
          "name" : "/Users/brunomazzo/Documents/OpenSource/UIUnitTest/package/.build/arm64-apple-macosx/debug/UIUnitTest.build/UIUnitTest.swift.o"
        },
        {
          "kind" : "file",
          "name" : "/Users/brunomazzo/Documents/OpenSource/UIUnitTest/package/.build/arm64-apple-macosx/debug/UIUnitTest.swiftmodule"
        }
      ],
      "sources" : [
        "/Users/brunomazzo/Documents/OpenSource/UIUnitTest/package/Sources/UIUnitTest/UIUnitTest.swift"
      ],
      "tempsPath" : "/Users/brunomazzo/Documents/OpenSource/UIUnitTest/package/.build/arm64-apple-macosx/debug/UIUnitTest.build",
      "wholeModuleOptimization" : false
    },
    "C.UIUnitTestTests-debug.module" : {
      "executable" : "/Applications/Xcode.app/Contents/Developer/Toolchains/XcodeDefault.xctoolchain/usr/bin/swiftc",
      "importPath" : "/Users/brunomazzo/Documents/OpenSource/UIUnitTest/package/.build/arm64-apple-macosx/debug",
      "inputs" : [
        {
          "kind" : "file",
          "name" : "/Users/brunomazzo/Documents/OpenSource/UIUnitTest/package/Tests/UIUnitTestTests/UIUnitTestTests.swift"
        },
        {
          "kind" : "file",
          "name" : "/Users/brunomazzo/Documents/OpenSource/UIUnitTest/package/.build/arm64-apple-macosx/debug/UIUnitTest.swiftmodule"
        }
      ],
      "isLibrary" : true,
      "moduleName" : "UIUnitTestTests",
      "moduleOutputPath" : "/Users/brunomazzo/Documents/OpenSource/UIUnitTest/package/.build/arm64-apple-macosx/debug/UIUnitTestTests.swiftmodule",
      "objects" : [
        "/Users/brunomazzo/Documents/OpenSource/UIUnitTest/package/.build/arm64-apple-macosx/debug/UIUnitTestTests.build/UIUnitTestTests.swift.o"
      ],
      "otherArguments" : [
        "-target",
        "arm64-apple-macosx11.0",
        "-swift-version",
        "5",
        "-enable-batch-mode",
        "-index-store-path",
        "/Users/brunomazzo/Documents/OpenSource/UIUnitTest/package/.build/arm64-apple-macosx/debug/index/store",
        "-Onone",
        "-enable-testing",
        "-g",
        "-j10",
        "-DSWIFT_PACKAGE",
        "-DDEBUG",
        "-module-cache-path",
        "/Users/brunomazzo/Documents/OpenSource/UIUnitTest/package/.build/arm64-apple-macosx/debug/ModuleCache",
        "-parseable-output",
        "-parse-as-library",
        "-color-diagnostics",
        "-sdk",
        "/Applications/Xcode.app/Contents/Developer/Platforms/MacOSX.platform/Developer/SDKs/MacOSX13.1.sdk",
        "-F",
        "/Applications/Xcode.app/Contents/Developer/Platforms/MacOSX.platform/Developer/Library/Frameworks",
        "-I",
        "/Applications/Xcode.app/Contents/Developer/Platforms/MacOSX.platform/Developer/usr/lib",
        "-L",
        "/Applications/Xcode.app/Contents/Developer/Platforms/MacOSX.platform/Developer/usr/lib"
      ],
      "outputs" : [
        {
          "kind" : "file",
          "name" : "/Users/brunomazzo/Documents/OpenSource/UIUnitTest/package/.build/arm64-apple-macosx/debug/UIUnitTestTests.build/UIUnitTestTests.swift.o"
        },
        {
          "kind" : "file",
          "name" : "/Users/brunomazzo/Documents/OpenSource/UIUnitTest/package/.build/arm64-apple-macosx/debug/UIUnitTestTests.swiftmodule"
        }
      ],
      "sources" : [
        "/Users/brunomazzo/Documents/OpenSource/UIUnitTest/package/Tests/UIUnitTestTests/UIUnitTestTests.swift"
      ],
      "tempsPath" : "/Users/brunomazzo/Documents/OpenSource/UIUnitTest/package/.build/arm64-apple-macosx/debug/UIUnitTestTests.build",
      "wholeModuleOptimization" : false
    }
  },
  "swiftFrontendCommands" : {

  },
  "testDiscoveryCommands" : {

  }
}