{
  "": {
    "swift-dependencies": "/Users/brunomazzo/Documents/OpenSource/UIUnitTest/package/.build/arm64-apple-macosx/debug/UIUnitTest.build/master.swiftdeps"
  },
  "/Users/brunomazzo/Documents/OpenSource/UIUnitTest/package/Sources/UIUnitTest/UIUnitTest.swift": {
    "dependencies": "/Users/brunomazzo/Documents/OpenSource/UIUnitTest/package/.build/arm64-apple-macosx/debug/UIUnitTest.build/UIUnitTest.d",
    "object": "/Users/brunomazzo/Documents/OpenSource/UIUnitTest/package/.build/arm64-apple-macosx/debug/UIUnitTest.build/UIUnitTest.swift.o",
    "swiftmodule": "/Users/brunomazzo/Documents/OpenSource/UIUnitTest/package/.build/arm64-apple-macosx/debug/UIUnitTest.build/UIUnitTest~partial.swiftmodule",
    "swift-dependencies": "/Users/brunomazzo/Documents/OpenSource/UIUnitTest/package/.build/arm64-apple-macosx/debug/UIUnitTest.build/UIUnitTest.swiftdeps"
  }
}
