{
  "": {
    "swift-dependencies": "/Users/brunomazzo/Documents/OpenSource/UIUnitTest/MyLibrary/.build/arm64-apple-macosx/debug/UIUnitTestCLI.build/master.swiftdeps"
  },
  "/Users/brunomazzo/Documents/OpenSource/UIUnitTest/MyLibrary/Sources/UIUnitTestCLI/main.swift": {
    "dependencies": "/Users/brunomazzo/Documents/OpenSource/UIUnitTest/MyLibrary/.build/arm64-apple-macosx/debug/UIUnitTestCLI.build/main.d",
    "object": "/Users/brunomazzo/Documents/OpenSource/UIUnitTest/MyLibrary/.build/arm64-apple-macosx/debug/UIUnitTestCLI.build/main.swift.o",
    "swiftmodule": "/Users/brunomazzo/Documents/OpenSource/UIUnitTest/MyLibrary/.build/arm64-apple-macosx/debug/UIUnitTestCLI.build/main~partial.swiftmodule",
    "swift-dependencies": "/Users/brunomazzo/Documents/OpenSource/UIUnitTest/MyLibrary/.build/arm64-apple-macosx/debug/UIUnitTestCLI.build/main.swiftdeps"
  }
}
