{
  "builtTestProducts" : [

  ],
  "copyCommands" : {

  },
  "pluginDescriptions" : [

  ],
  "swiftCommands" : {
    "C.UIUnitTestCLI-debug.module" : {
      "executable" : "/Applications/Xcode.app/Contents/Developer/Toolchains/XcodeDefault.xctoolchain/usr/bin/swiftc",
      "importPath" : "/Users/brunomazzo/Documents/OpenSource/UIUnitTest/MyLibrary/.build/arm64-apple-macosx/debug",
      "inputs" : [
        {
          "kind" : "file",
          "name" : "/Users/brunomazzo/Documents/OpenSource/UIUnitTest/MyLibrary/Sources/UIUnitTestCLI/main.swift"
        }
      ],
      "isLibrary" : false,
      "moduleName" : "UIUnitTestCLI",
      "moduleOutputPath" : "/Users/brunomazzo/Documents/OpenSource/UIUnitTest/MyLibrary/.build/arm64-apple-macosx/debug/UIUnitTestCLI.swiftmodule",
      "objects" : [
        "/Users/brunomazzo/Documents/OpenSource/UIUnitTest/MyLibrary/.build/arm64-apple-macosx/debug/UIUnitTestCLI.build/main.swift.o"
      ],
      "otherArguments" : [
        "-target",
        "arm64-apple-macosx10.15",
        "-swift-version",
        "5",
        "-enable-batch-mode",
        "-index-store-path",
        "/Users/brunomazzo/Documents/OpenSource/UIUnitTest/MyLibrary/.build/arm64-apple-macosx/debug/index/store",
        "-Onone",
        "-enable-testing",
        "-g",
        "-j10",
        "-DSWIFT_PACKAGE",
        "-DDEBUG",
        "-module-cache-path",
        "/Users/brunomazzo/Documents/OpenSource/UIUnitTest/MyLibrary/.build/arm64-apple-macosx/debug/ModuleCache",
        "-parseable-output",
        "-Xfrontend",
        "-entry-point-function-name",
        "-Xfrontend",
        "UIUnitTestCLI_main",
        "-color-diagnostics",
        "-sdk",
        "/Applications/Xcode.app/Contents/Developer/Platforms/MacOSX.platform/Developer/SDKs/MacOSX13.1.sdk",
        "-F",
        "/Applications/Xcode.app/Contents/Developer/Platforms/MacOSX.platform/Developer/Library/Frameworks",
        "-I",
        "/Applications/Xcode.app/Contents/Developer/Platforms/MacOSX.platform/Developer/usr/lib",
        "-L",
        "/Applications/Xcode.app/Contents/Developer/Platforms/MacOSX.platform/Developer/usr/lib"
      ],
      "outputs" : [
        {
          "kind" : "file",
          "name" : "/Users/brunomazzo/Documents/OpenSource/UIUnitTest/MyLibrary/.build/arm64-apple-macosx/debug/UIUnitTestCLI.build/main.swift.o"
        },
        {
          "kind" : "file",
          "name" : "/Users/brunomazzo/Documents/OpenSource/UIUnitTest/MyLibrary/.build/arm64-apple-macosx/debug/UIUnitTestCLI.swiftmodule"
        }
      ],
      "sources" : [
        "/Users/brunomazzo/Documents/OpenSource/UIUnitTest/MyLibrary/Sources/UIUnitTestCLI/main.swift"
      ],
      "tempsPath" : "/Users/brunomazzo/Documents/OpenSource/UIUnitTest/MyLibrary/.build/arm64-apple-macosx/debug/UIUnitTestCLI.build",
      "wholeModuleOptimization" : false
    }
  },
  "swiftFrontendCommands" : {

  },
  "testDiscoveryCommands" : {

  }
}